set search_path to "progetto";

INSERT INTO Universita VALUES('unige', 'Università degli Studi di Genova', 'immagini\loghi\logounige.jpg', 'Via Balbi 5', 'www.unige.it/');
INSERT INTO Universita VALUES('unibo', 'Università degli Studi  di Bologna', 'immagini\loghi\logounibo.jpg', 'Via Zamboni 33', 'www.unibo.it/it');
INSERT INTO Universita VALUES('unimi', 'Università degli Studi  di Milano', 'immagini\loghi\logounimi.png', 'Via Festa del Perdono 7', 'www.unimi.it/');
INSERT INTO Universita VALUES('unifi', 'Università degli Studi  di Firenze', 'immagini\loghi\logounifi.jpg', 'Piazza S. Marco 4', 'www.unifi.it/');
INSERT INTO Universita VALUES('unito', 'Università degli Studi  di Torino', 'immagini\loghi\logounito.png', 'Via Verdi 8', 'www.unito.it/');
INSERT INTO Universita VALUES('univda', 'Università degli Studi  di Aosta', 'immagini\loghi\logounivda.jpg', 'Strada Cappuccini 2A', 'www.univda.it/');

INSERT INTO Utente VALUES('lorenzo.mancini@unige.it', 'Lorenzo', 'Mancini', 'Docente', DEFAULT);
INSERT INTO Utente VALUES('martina.cocci@unige.it', 'Martina', 'Cocci', 'Docente', DEFAULT);
INSERT INTO Utente VALUES('ginevra.torre@unige.it', 'Ginevra', 'Torre', 'Docente', DEFAULT);
INSERT INTO Utente VALUES('bacco.baresi@unito.it', 'Bacco', 'Baresi', 'Docente', DEFAULT);
INSERT INTO Utente VALUES('eleonora.arcuri@unito.it', 'Eleonora', 'Arcuri', 'Docente', DEFAULT);
INSERT INTO Utente VALUES('elena.monaldo@unito.it', 'Elena', 'Monaldo', 'Docente', DEFAULT);
INSERT INTO Utente VALUES('venerando.palermi@unimi.it', 'Venerando', 'Palermi', 'Docente', DEFAULT);
INSERT INTO Utente VALUES('arianna.lifonti@unimi.it', 'Arianna', 'Lifonti', 'Docente', DEFAULT);
INSERT INTO Utente VALUES('gino.beneventi@univda.it', 'Gino', 'Beneventi', 'Docente', DEFAULT);
INSERT INTO Utente VALUES('emilia.sal@univda.it', 'Emilia', 'Sal', 'Docente', DEFAULT);
INSERT INTO Utente VALUES('susanna.moretti@unifi.it', 'Susanna', 'Moretti', 'Docente', DEFAULT);
INSERT INTO Utente VALUES('giulia.romani@unifi.it', 'Giulia ', 'Romani', 'Docente', DEFAULT);
INSERT INTO Utente VALUES('giorgia.lombardi@unibo.it', 'Giorgia', 'Lombardi', 'Docente', DEFAULT);
INSERT INTO Utente VALUES('dorotea.zetticci@unibo.it', 'Dorotea', 'Zetticci', 'Docente', DEFAULT);
INSERT INTO Utente VALUES('ornella.nucci@unige.it', 'Ornella', 'Nucci', 'Collaboratore', DEFAULT);
INSERT INTO Utente VALUES('giuditta.fani@unige.it', 'Giuditta', 'Fani', 'Collaboratore', DEFAULT);
INSERT INTO Utente VALUES('leo.padovesi@unito.it', 'Leo', 'Padovesi', 'Collaboratore', DEFAULT);
INSERT INTO Utente VALUES('fabrizio.curi@unimi.it', 'Fabrizio', 'Curi', 'Collaboratore', DEFAULT);
INSERT INTO Utente VALUES('silvia.bergamaschi@unimi.it', 'Silvia', 'Bergamaschi', 'Collaboratore', DEFAULT);
INSERT INTO Utente VALUES('luca.mazzanti@unibo.it', 'Luca', 'Mazzanti', 'Collaboratore', DEFAULT);
INSERT INTO Utente VALUES('girolamo.moretti@unibo.it', 'Girolamo', 'Moretti', 'Collaboratoree', DEFAULT);
INSERT INTO Utente VALUES('isidoro.costa@unifi.it', 'Isidoro', 'Costa', 'Collaboratore', DEFAULT);
INSERT INTO Utente VALUES('emanuele.dacosta@unifi.it', 'Emanuele', 'Dacosta', 'Docente', DEFAULT);
INSERT INTO Utente VALUES('filippo.turati@univda.it', 'Filippo', 'Turati', 'Collaboratore', DEFAULT);
INSERT INTO Utente VALUES('gianmarco.poli@univda.it', 'Gianmarco', 'Poli', 'Collaboratore', DEFAULT);


INSERT INTO Utente VALUES('marco.lucchese@unige.it', 'Marco', 'Lucchese', 'Studente', DEFAULT);
INSERT INTO Utente VALUES('davide.liviano@unige.it', 'Davide', 'Liviano', 'Studente', DEFAULT);
INSERT INTO Utente VALUES('jacopo.cremonesi@unige.it', 'Jacopo', 'Cremonesi', 'Studente', DEFAULT);
INSERT INTO Utente VALUES('carmela.rossi@unige.it', 'Carmela', 'Rossi', 'Studente', DEFAULT);
INSERT INTO Utente VALUES('stefania.dipasqui@unige.it', 'Stefania', 'Dipasqui', 'Studente', DEFAULT);
INSERT INTO Utente VALUES('enrico.lasdi@unige.it', 'Enrico', 'Lasdi', 'Studente', DEFAULT);
INSERT INTO Utente VALUES('manuela.bellucci@unito.it', 'Manuela', 'Bellucci', 'Studente', DEFAULT);
INSERT INTO Utente VALUES('manuel.rossi@unito.it', 'Manuel', 'Rossi', 'Studente', DEFAULT);
INSERT INTO Utente VALUES('elena.santi@unito.it', 'Elena', 'Santi', 'Studente', DEFAULT);
INSERT INTO Utente VALUES('gino.marchesi@unito.it', 'Gino', 'Marchesi', 'Studente', DEFAULT);
INSERT INTO Utente VALUES('giulio.molsi@unito.it', 'Giulio', 'Molsi', 'Studente', DEFAULT);
INSERT INTO Utente VALUES('filippo.bianchi@unimi.it', 'Filippo', 'Bianchi', 'Studente', DEFAULT);
INSERT INTO Utente VALUES('fiamma.fanucci@unimi.it', 'Fiamma', 'Fanucci', 'Studente', DEFAULT);
INSERT INTO Utente VALUES('iolanda.russo@unimi.it', 'Iolanda', 'Russo', 'Studente', DEFAULT);
INSERT INTO Utente VALUES('dionisio.fiorentino@unimi.it', 'Dionisio', 'Fiorentino', 'Studente', DEFAULT);
INSERT INTO Utente VALUES('giuliano.brusti@unimi.it', 'Giuliano', 'Brusti', 'Studente', DEFAULT);
INSERT INTO Utente VALUES('isotta.torti@unibo.it', 'Isotta', 'Torti', 'Studente', DEFAULT);
INSERT INTO Utente VALUES('christian.trentino@unibo.it', 'Christian', 'Trentino', 'Studente', DEFAULT);
INSERT INTO Utente VALUES('tiziano.napolitani@unibo.it', 'Tiziano', 'Napolitani', 'Studente', DEFAULT);
INSERT INTO Utente VALUES('simone.ossico@unibo.it', 'Simone', 'Ossico', 'Studente', DEFAULT);
INSERT INTO Utente VALUES('ernesto.bruno@unifi.it', 'Ernesto', 'Bruno', 'Studente', DEFAULT);
INSERT INTO Utente VALUES('rossana.trevisani@unifi.it', 'Rossana', 'Trevisani', 'Studente', DEFAULT);
INSERT INTO Utente VALUES('lino.pisano@unifi.it', 'Lino', 'Pisano', 'Studente', DEFAULT);
INSERT INTO Utente VALUES('emma.polisi@unifi.it', 'Emma', 'Polisi', 'Studente', DEFAULT);
INSERT INTO Utente VALUES('stefano.marchi@univda.it', 'Stefano', 'Marchi', 'Studente', DEFAULT);
INSERT INTO Utente VALUES('simone.lossi@univda.it', 'Simone', 'Lossi', 'Studente', DEFAULT);
INSERT INTO Utente VALUES('alberto.rocchi@univda.it', 'Alberto', 'Rocchi', 'Studente', DEFAULT);
INSERT INTO Utente VALUES('serena.lofere@univda.it', 'Serena', 'Lo Fere', 'Studente', DEFAULT);


INSERT INTO Docente VALUES('lorenzo.mancini@unige.it', 'Professore', 'Dipartimento di Informatica', 'unige', 'immagini\prof\maschile.jpg','immagini\CV.pdf');
INSERT INTO Docente VALUES('martina.cocci@unige.it', 'Professore', 'Dipartimento di Informatica', 'unige', 'immagini\prof\donna.png', 'immagini\CV.pdf');
INSERT INTO Docente VALUES('ginevra.torre@unige.it', 'Ricercatore', 'Dipartimento di Fisica', 'unige', 'immagini\prof\donna.png', 'immagini\CV.pdf');
INSERT INTO Docente VALUES('bacco.baresi@unito.it', 'Lecturer', 'Dipartimento di Fisica', 'unito', 'immagini\prof\maschile.jpg', 'immagini\CV.pdf');
INSERT INTO Docente VALUES('eleonora.arcuri@unito.it', 'Professore', 'Dipartimento di Matematica', 'unito', 'immagini\prof\donna.png', 'immagini\CV.pdf');
INSERT INTO Docente VALUES('elena.monaldo@unito.it', 'Ricercatore', 'Dipartimento di Informatica', 'unito', 'immagini\prof\donna.png', 'immagini\CV.pdf');
INSERT INTO Docente VALUES('venerando.palermi@unimi.it', 'Professore', 'Dipartimento di Matematica', 'unimi', 'immagini\prof\maschile.jpg', 'immagini\CV.pdf');
INSERT INTO Docente VALUES('arianna.lifonti@unimi.it', 'Lecturer', 'Dipartimento di Chimica', 'unimi', 'immagini\prof\donna.png', 'immagini\CV.pdf');
INSERT INTO Docente VALUES('gino.beneventi@univda.it', 'Professore', 'Dipartimento di Informatica', 'univda', 'immagini\prof\maschile.jpg', 'immagini\CV.pdf');
INSERT INTO Docente VALUES('emilia.sal@univda.it', 'Ricercatore', 'Dipartimento di Chimica', 'univda', 'immagini\prof\donna.png', 'immagini\CV.pdf');
INSERT INTO Docente VALUES('susanna.moretti@unifi.it', 'Professore', 'Dipartimento di Fisica', 'unifi', 'immagini\prof\donna.png', 'immagini\CV.pdf');
INSERT INTO Docente VALUES('giulia.romani@unifi.it', 'Professore', 'Dipartimento di Matematica', 'unifi', 'immagini\prof\donna.png', 'immagini\CV.pdf');
INSERT INTO Docente VALUES('giorgia.lombardi@unibo.it', 'Lecturer', 'Dipartimento di Informatica', 'unibo', 'immagini\prof\donna.png', 'immagini\CV.pdf');
INSERT INTO Docente VALUES('dorotea.zetticci@unibo.it', 'Professore', 'Dipartimento di Informatica', 'unibo', 'immagini\prof\donna.png', 'immagini\CV.pdf');