SET search_path to "progetto";

INSERT INTO Forum VALUES('info01',1, DEFAULT);
INSERT INTO Forum VALUES('info01',2, DEFAULT);
INSERT INTO Forum VALUES('info01',3, DEFAULT);
INSERT INTO Forum VALUES('info01',4, DEFAULT);
INSERT INTO Forum VALUES('info01',5, DEFAULT);
INSERT INTO Forum VALUES('info02',1, DEFAULT);
INSERT INTO Forum VALUES('info02',2, DEFAULT);
INSERT INTO Forum VALUES('info02',3, DEFAULT);
INSERT INTO Forum VALUES('info02',4, DEFAULT);
INSERT INTO Forum VALUES('info02',5, DEFAULT);
INSERT INTO Forum VALUES('info03',1, DEFAULT);
INSERT INTO Forum VALUES('info03',2, DEFAULT);
INSERT INTO Forum VALUES('info03',3, DEFAULT);
INSERT INTO Forum VALUES('info03',4, DEFAULT);
INSERT INTO Forum VALUES('info03',5, DEFAULT);
INSERT INTO Forum VALUES('info04',1, true);
INSERT INTO Forum VALUES('info04',2, true);
INSERT INTO Forum VALUES('info04',3, true);
INSERT INTO Forum VALUES('info04',4, true);
INSERT INTO Forum VALUES('info04',5, true);
INSERT INTO Forum VALUES('mate01',1, true);
INSERT INTO Forum VALUES('mate01',2, true);
INSERT INTO Forum VALUES('mate01',3, true);
INSERT INTO Forum VALUES('mate01',4, true);
INSERT INTO Forum VALUES('mate01',5, true);
INSERT INTO Forum VALUES('mate02',1, DEFAULT);
INSERT INTO Forum VALUES('mate02',2, DEFAULT);
INSERT INTO Forum VALUES('mate02',3, DEFAULT);
INSERT INTO Forum VALUES('mate02',4, DEFAULT);
INSERT INTO Forum VALUES('mate02',5, DEFAULT);
INSERT INTO Forum VALUES('mate03',1, DEFAULT);
INSERT INTO Forum VALUES('mate03',2, DEFAULT);
INSERT INTO Forum VALUES('mate03',3, DEFAULT);
INSERT INTO Forum VALUES('mate03',4, DEFAULT);
INSERT INTO Forum VALUES('mate03',5, DEFAULT);
INSERT INTO Forum VALUES('fis01',1, DEFAULT);
INSERT INTO Forum VALUES('fis01',2, DEFAULT);
INSERT INTO Forum VALUES('fis01',3, DEFAULT);
INSERT INTO Forum VALUES('fis01',4, DEFAULT);
INSERT INTO Forum VALUES('fis01',5, DEFAULT);
INSERT INTO Forum VALUES('fis02',1, true);
INSERT INTO Forum VALUES('fis02',2, true);
INSERT INTO Forum VALUES('fis02',3, true);
INSERT INTO Forum VALUES('fis02',4, true);
INSERT INTO Forum VALUES('fis02',5, true);
INSERT INTO Forum VALUES('fis03',1, DEFAULT);
INSERT INTO Forum VALUES('fis03',2, DEFAULT);
INSERT INTO Forum VALUES('fis03',3, DEFAULT);
INSERT INTO Forum VALUES('fis03',4, DEFAULT);
INSERT INTO Forum VALUES('fis03',5, DEFAULT);
INSERT INTO Forum VALUES('chim01',1, DEFAULT);
INSERT INTO Forum VALUES('chim01',2, DEFAULT);
INSERT INTO Forum VALUES('chim01',3, DEFAULT);
INSERT INTO Forum VALUES('chim01',4, DEFAULT);
INSERT INTO Forum VALUES('chim01',5, DEFAULT);
INSERT INTO Forum VALUES('chim02',1, true);
INSERT INTO Forum VALUES('chim02',2, true);
INSERT INTO Forum VALUES('chim02',3, true);
INSERT INTO Forum VALUES('chim02',4, true);
INSERT INTO Forum VALUES('chim02',5, true);

INSERT INTO Social VALUES('www.facebook.com/marco.lucchese');
INSERT INTO Social VALUES('www.facebook.com/davide.liviano');
INSERT INTO Social VALUES('www.facebook.com/emma.polisi');
INSERT INTO Social VALUES('www.facebook.com/ornella.nucci');
INSERT INTO Social VALUES('www.facebook.com/giuditta.fani');
INSERT INTO Social VALUES('www.facebook.com/jacopo.cremonesi');
INSERT INTO Social VALUES('www.facebook.com/filippo.turati');
INSERT INTO Social VALUES('www.facebook.com/carmela.rossi');
INSERT INTO Social VALUES('www.facebook.com/enrico.lasdi');
INSERT INTO Social VALUES('www.facebook.com/iolanda.russo');
INSERT INTO Social VALUES('www.twitter.com/lorenzo.mancini');
INSERT INTO Social VALUES('www.twitter.com/martina.cocci');
INSERT INTO Social VALUES('www.twitter.com/gino.beneventi');
INSERT INTO Social VALUES('www.twitter.com/serena.lofere');
INSERT INTO Social VALUES('www.twitter.com/gianmarco.poli');
INSERT INTO Social VALUES('www.linkedin.com/lorenzo.mancini');
INSERT INTO Social VALUES('www.linkedin.com/martina.cocci');
INSERT INTO Social VALUES('www.linkedin.com/gino.beneventi');
INSERT INTO Social VALUES('www.linkedin.com/serena.lofere');
INSERT INTO Social VALUES('www.linkedin.com/elena.monaldo');
INSERT INTO Social VALUES('www.linkedin.com/stefania.dipasqui');
INSERT INTO Social VALUES('www.linkedin.com/ginevra.torre');
INSERT INTO Social VALUES('www.linkedin.com/dionisio.fiorentino');
INSERT INTO Social VALUES('www.linkedin.com/venerando.palermi');
INSERT INTO Social VALUES('www.linkedin.com/giulia.romani');
INSERT INTO Social VALUES('www.linkedin.com/susanna.moretti');
INSERT INTO Social VALUES('www.linkedin.com/arianna.lifonti');
INSERT INTO Social VALUES('www.github.com/lorenzo.mancini');
INSERT INTO Social VALUES('www.github.com/ornella.nucci');
INSERT INTO Social VALUES('www.github.com/jacopo.cremonesi');
INSERT INTO Social VALUES('www.github.com/elena.monaldo');
INSERT INTO Social VALUES('www.github.com/filippo.turati');
INSERT INTO Social VALUES('www.github.com/stefania.dipasqui');
INSERT INTO Social VALUES('www.personalwebmancini.it');
INSERT INTO Social VALUES('www.webpersonalcocci.it');
INSERT INTO Social VALUES('www.webbeneventi.it');
INSERT INTO Social VALUES('www.phisictorre.it');
INSERT INTO Social VALUES('www.chemlifonti.it');

INSERT INTO Link VALUES('www.facebook.com/marco.lucchese', 'marco.lucchese@unige.it');
INSERT INTO Link VALUES('www.facebook.com/davide.liviano', 'davide.liviano@unige.it');
INSERT INTO Link VALUES('www.facebook.com/emma.polisi', 'emma.polisi@unifi.it');
INSERT INTO Link VALUES('www.facebook.com/ornella.nucci', 'ornella.nucci@unige.it');
INSERT INTO Link VALUES('www.facebook.com/giuditta.fani', 'giuditta.fani@unige.it');
INSERT INTO Link VALUES('www.facebook.com/jacopo.cremonesi', 'jacopo.cremonesi@unige.it');
INSERT INTO Link VALUES('www.facebook.com/filippo.turati', 'filippo.turati@univda.it');
INSERT INTO Link VALUES('www.facebook.com/carmela.rossi', 'carmela.rossi@unige.it');
INSERT INTO Link VALUES('www.facebook.com/enrico.lasdi', 'enrico.lasdi@unige.it');
INSERT INTO Link VALUES('www.facebook.com/iolanda.russo', 'iolanda.russo@unimi.it');
INSERT INTO Link VALUES('www.twitter.com/lorenzo.mancini', 'lorenzo.mancini@unige.it');
INSERT INTO Link VALUES('www.twitter.com/martina.cocci', 'martina.cocci@unige.it');
INSERT INTO Link VALUES('www.twitter.com/gino.beneventi', 'gino.beneventi@univda.it');
INSERT INTO Link VALUES('www.twitter.com/serena.lofere', 'serena.lofere@univda.it');
INSERT INTO Link VALUES('www.twitter.com/gianmarco.poli', 'gianmarco.poli@univda.it');
INSERT INTO Link VALUES('www.linkedin.com/lorenzo.mancini', 'lorenzo.mancini@unige.it');
INSERT INTO Link VALUES('www.linkedin.com/martina.cocci', 'martina.cocci@unige.it');
INSERT INTO Link VALUES('www.linkedin.com/gino.beneventi', 'gino.beneventi@univda.it');
INSERT INTO Link VALUES('www.linkedin.com/serena.lofere', 'serena.lofere@univda.it');
INSERT INTO Link VALUES('www.linkedin.com/elena.monaldo', 'elena.monaldo@unito.it');
INSERT INTO Link VALUES('www.linkedin.com/stefania.dipasqui', 'stefania.dipasqui@unige.it');
INSERT INTO Link VALUES('www.linkedin.com/ginevra.torre', 'ginevra.torre@unige.it');
INSERT INTO Link VALUES('www.linkedin.com/dionisio.fiorentino', 'dionisio.fiorentino@unimi.it');
INSERT INTO Link VALUES('www.linkedin.com/venerando.palermi', 'venerando.palermi@unimi.it');
INSERT INTO Link VALUES('www.linkedin.com/giulia.romani', 'giulia.romani@unifi.it');
INSERT INTO Link VALUES('www.linkedin.com/susanna.moretti', 'susanna.moretti@unifi.it');
INSERT INTO Link VALUES('www.linkedin.com/arianna.lifonti', 'arianna.lifonti@unimi.it');
INSERT INTO Link VALUES('www.github.com/lorenzo.mancini', 'lorenzo.mancini@unige.it');
INSERT INTO Link VALUES('www.github.com/ornella.nucci', 'ornella.nucci@unige.it');
INSERT INTO Link VALUES('www.github.com/jacopo.cremonesi', 'jacopo.cremonesi@unige.it');
INSERT INTO Link VALUES('www.github.com/elena.monaldo', 'elena.monaldo@unito.it');
INSERT INTO Link VALUES('www.github.com/filippo.turati', 'filippo.turati@univda.it');
INSERT INTO Link VALUES('www.github.com/stefania.dipasqui', 'stefania.dipasqui@unige.it');

INSERT INTO Profilo VALUES('lorenzo.mancini@unige.it',DEFAULT,DEFAULT,DEFAULT,DEFAULT,DEFAULT, 'www.personalwebmancini.it');
INSERT INTO Profilo VALUES('martina.cocci@unige.it',DEFAULT,DEFAULT,DEFAULT,DEFAULT,DEFAULT, 'www.webpersonalcocci.it');
INSERT INTO Profilo VALUES('ginevra.torre@unige.it',DEFAULT,DEFAULT,DEFAULT,DEFAULT,DEFAULT, 'www.phisictorre.it');
INSERT INTO Profilo VALUES('bacco.baresi@unito.it',DEFAULT,DEFAULT,DEFAULT,DEFAULT,DEFAULT, DEFAULT);
INSERT INTO Profilo VALUES('eleonora.arcuri@unito.it',DEFAULT,DEFAULT,DEFAULT,DEFAULT,DEFAULT, DEFAULT);
INSERT INTO Profilo VALUES('elena.monaldo@unito.it', DEFAULT, DEFAULT, DEFAULT, DEFAULT, DEFAULT, DEFAULT);
INSERT INTO Profilo VALUES('venerando.palermi@unimi.it', DEFAULT, DEFAULT, DEFAULT, DEFAULT, DEFAULT, DEFAULT);
INSERT INTO Profilo VALUES('arianna.lifonti@unimi.it', DEFAULT, DEFAULT, DEFAULT, DEFAULT, DEFAULT, 'www.chelifonti.it');
INSERT INTO Profilo VALUES('gino.beneventi@univda.it', DEFAULT, DEFAULT, DEFAULT, DEFAULT, DEFAULT, 'www.webbeneventi.it');
INSERT INTO Profilo VALUES('emilia.sal@univda.it', DEFAULT, DEFAULT, DEFAULT, DEFAULT, DEFAULT, DEFAULT);
INSERT INTO Profilo VALUES('susanna.moretti@unifi.it', DEFAULT, DEFAULT, DEFAULT, DEFAULT, DEFAULT, DEFAULT);
INSERT INTO Profilo VALUES('giulia.romani@unifi.it', DEFAULT, DEFAULT, DEFAULT, DEFAULT, DEFAULT, DEFAULT);
INSERT INTO Profilo VALUES('giorgia.lombardi@unibo.it', DEFAULT, DEFAULT, DEFAULT, DEFAULT, DEFAULT, DEFAULT);
INSERT INTO Profilo VALUES('dorotea.zetticci@unibo.it', DEFAULT, DEFAULT, DEFAULT, DEFAULT, DEFAULT, DEFAULT);
INSERT INTO Profilo VALUES('ornella.nucci@unige.it', DEFAULT, DEFAULT, DEFAULT, DEFAULT, DEFAULT, DEFAULT);
INSERT INTO Profilo VALUES('giuditta.fani@unige.it', DEFAULT, DEFAULT, DEFAULT, DEFAULT, DEFAULT, DEFAULT);
INSERT INTO Profilo VALUES('leo.padovesi@unito.it', DEFAULT, DEFAULT, DEFAULT, DEFAULT, DEFAULT, DEFAULT);
INSERT INTO Profilo VALUES('fabrizio.curi@unimi.it', DEFAULT, DEFAULT, DEFAULT, DEFAULT, DEFAULT, DEFAULT);
INSERT INTO Profilo VALUES('silvia.bergamaschi@unimi.it', DEFAULT, DEFAULT, DEFAULT, DEFAULT, DEFAULT, DEFAULT);
INSERT INTO Profilo VALUES('girolamo.moretti@unibo.it', DEFAULT, DEFAULT, DEFAULT, DEFAULT, DEFAULT, DEFAULT);
INSERT INTO Profilo VALUES('isidoro.costa@unifi.it', DEFAULT, DEFAULT, DEFAULT, DEFAULT, DEFAULT, DEFAULT);
INSERT INTO Profilo VALUES('emanuele.dacosta@unifi.it', DEFAULT, DEFAULT, DEFAULT, DEFAULT, DEFAULT, DEFAULT);
INSERT INTO Profilo VALUES('filippo.turati@univda.it', DEFAULT, DEFAULT, DEFAULT, DEFAULT, DEFAULT, DEFAULT);
INSERT INTO Profilo VALUES('gianmarco.poli@univda.it', DEFAULT, DEFAULT, DEFAULT, DEFAULT, DEFAULT, DEFAULT);
INSERT INTO Profilo VALUES('marco.lucchese@unige.it', DEFAULT, DEFAULT, DEFAULT, DEFAULT, DEFAULT, DEFAULT);
INSERT INTO Profilo VALUES('davide.liviano@unige.it', DEFAULT, DEFAULT, DEFAULT, DEFAULT, DEFAULT, DEFAULT);
INSERT INTO Profilo VALUES('jacopo.cremonesi@unige.it', DEFAULT, DEFAULT, DEFAULT, DEFAULT, DEFAULT, DEFAULT);
INSERT INTO Profilo VALUES('carmela.rossi@unige.it', DEFAULT, DEFAULT, DEFAULT, DEFAULT, DEFAULT, DEFAULT);
INSERT INTO Profilo VALUES('stefania.dipasqui@unige.it', DEFAULT, DEFAULT, DEFAULT, DEFAULT, DEFAULT, DEFAULT);
INSERT INTO Profilo VALUES('enrico.lasdi@unige.it', DEFAULT, DEFAULT, DEFAULT, DEFAULT, DEFAULT, DEFAULT);
INSERT INTO Profilo VALUES('manuela.bellucci@unito.it', DEFAULT, DEFAULT, DEFAULT, DEFAULT, DEFAULT, DEFAULT);
INSERT INTO Profilo VALUES('manuel.rossi@unito.it', DEFAULT, DEFAULT, DEFAULT, DEFAULT, DEFAULT, DEFAULT);
INSERT INTO Profilo VALUES('elena.santi@unito.it', DEFAULT, DEFAULT, DEFAULT, DEFAULT, DEFAULT, DEFAULT);
INSERT INTO Profilo VALUES('gino.marchesi@unito.it', DEFAULT, DEFAULT, DEFAULT, DEFAULT, DEFAULT, DEFAULT);
INSERT INTO Profilo VALUES('giulio.molsi@unito.it', DEFAULT, DEFAULT, DEFAULT, DEFAULT, DEFAULT, DEFAULT);
INSERT INTO Profilo VALUES('filippo.bianchi@unimi.it', DEFAULT, DEFAULT, DEFAULT, DEFAULT, DEFAULT, DEFAULT);
INSERT INTO Profilo VALUES('fiamma.fanucci@unimi.it', DEFAULT, DEFAULT, DEFAULT, DEFAULT, DEFAULT, DEFAULT);
INSERT INTO Profilo VALUES('iolanda.russo@unimi.it', DEFAULT, DEFAULT, DEFAULT, DEFAULT, DEFAULT, DEFAULT);
INSERT INTO Profilo VALUES('dionisio.fiorentino@unimi.it', DEFAULT, DEFAULT, DEFAULT, DEFAULT, DEFAULT, DEFAULT);
INSERT INTO Profilo VALUES('giuliano.brusti@unimi.it', DEFAULT, DEFAULT, DEFAULT, DEFAULT, DEFAULT, DEFAULT);
INSERT INTO Profilo VALUES('isotta.torti@unibo.it', DEFAULT, DEFAULT, DEFAULT, DEFAULT, DEFAULT, DEFAULT);
INSERT INTO Profilo VALUES('christian.trentino@unibo.it', DEFAULT, DEFAULT, DEFAULT, DEFAULT, DEFAULT, DEFAULT);
INSERT INTO Profilo VALUES('tiziano.napolitani@unibo.it', DEFAULT, DEFAULT, DEFAULT, DEFAULT, DEFAULT, DEFAULT);
INSERT INTO Profilo VALUES('simone.ossico@unibo.it', DEFAULT, DEFAULT, DEFAULT, DEFAULT, DEFAULT, DEFAULT);
INSERT INTO Profilo VALUES('ernesto.bruno@unifi.it', DEFAULT, DEFAULT, DEFAULT, DEFAULT, DEFAULT, DEFAULT);
INSERT INTO Profilo VALUES('rossana.trevisani@unifi.it', DEFAULT, DEFAULT, DEFAULT, DEFAULT, DEFAULT, DEFAULT);
INSERT INTO Profilo VALUES('luca.mazzanti@unibo.it', DEFAULT, DEFAULT, DEFAULT, DEFAULT, DEFAULT, DEFAULT);
INSERT INTO Profilo VALUES('lino.pisano@unifi.it', DEFAULT, DEFAULT, DEFAULT, DEFAULT, DEFAULT, DEFAULT);
INSERT INTO Profilo VALUES('emma.polisi@unifi.it', DEFAULT, DEFAULT, DEFAULT, DEFAULT, DEFAULT, DEFAULT);
INSERT INTO Profilo VALUES('stefano.marchi@univda.it', DEFAULT, DEFAULT, DEFAULT, DEFAULT, DEFAULT, DEFAULT);
INSERT INTO Profilo VALUES('simone.lossi@univda.it', DEFAULT, DEFAULT, DEFAULT, DEFAULT, DEFAULT, DEFAULT);
INSERT INTO Profilo VALUES('alberto.rocchi@univda.it', DEFAULT, DEFAULT, DEFAULT, DEFAULT, DEFAULT, DEFAULT);
INSERT INTO Profilo VALUES('serena.lofere@univda.it', DEFAULT, DEFAULT, DEFAULT, DEFAULT, DEFAULT, DEFAULT);

INSERT INTO Thread VALUES('T01', false, 1, 'info01', 'lorenzo.mancini@unige.it');
INSERT INTO Messaggi VALUES('M01', 'T01', 'Benvenuti', DEFAULT, 'lorenzo.mancini@unige.it');
INSERT INTO Messaggi VALUES('M02', 'T01', 'Grazie!', 'M01', 'marco.lucchese@unige.it');

INSERT INTO Domande VALUES('IQ100', 'DI001', 'Acronimo di CPU');
INSERT INTO Domande VALUES('IQ100', 'DI002', 'Acronimo di RAM');
INSERT INTO Domande VALUES('IQ100', 'DI003', 'Acronimo di ROM');
INSERT INTO Domande VALUES('IQ100', 'DI004', 'Domanda 4');
INSERT INTO Domande VALUES('IQ100', 'DI005', 'Domanda 5');
INSERT INTO Domande VALUES('IQ100', 'DI006', 'Domanda 6');
INSERT INTO Domande VALUES('IQ100', 'DI007', 'Domanda 7');
INSERT INTO Domande VALUES('IQ100', 'DI008', 'Domanda 8');
INSERT INTO Domande VALUES('IQ100', 'DI009', 'Domanda 9');
INSERT INTO Domande VALUES('IQ100', 'DI010', 'Domanda 10');

INSERT INTO Risposte VALUES('IQ100', 'DI001', 'RI001', 2, 'Central Processing Unit');
INSERT INTO Risposte VALUES('IQ100', 'DI001', 'RI002', DEFAULT, 'Core Process Unit');
INSERT INTO Risposte VALUES('IQ100', 'DI001', 'RI003', DEFAULT, 'Core Processing Unit');
INSERT INTO Risposte VALUES('IQ100', 'DI001', 'RI004', DEFAULT, 'Central Process Unit');

INSERT INTO Risposte VALUES('IQ100', 'DI002', 'RI001', 2,  'Random Access Memory');
INSERT INTO Risposte VALUES('IQ100', 'DI002', 'RI002', DEFAULT, 'Random Already Memory');
INSERT INTO Risposte VALUES('IQ100', 'DI002', 'RI003', DEFAULT, 'Rough Access Memory');
INSERT INTO Risposte VALUES('IQ100', 'DI002', 'RI004', DEFAULT, 'Random Access Motor');

INSERT INTO Risposte VALUES('IQ100', 'DI003', 'RI001', DEFAULT, 'Read Only Motor');
INSERT INTO Risposte VALUES('IQ100', 'DI003', 'RI002', 2, 'Read Only Memory');
INSERT INTO Risposte VALUES('IQ100', 'DI003', 'RI003', DEFAULT, 'Red Only Memory');
INSERT INTO Risposte VALUES('IQ100', 'DI003', 'RI004', DEFAULT, 'Read Onion Memory');

INSERT INTO Risposte VALUES('IQ100', 'DI004', 'RI001', 2, 'Risposta 1');
INSERT INTO Risposte VALUES('IQ100', 'DI004', 'RI002', DEFAULT, 'Risposta 2');
INSERT INTO Risposte VALUES('IQ100', 'DI004', 'RI003', DEFAULT, 'Risposta 3');
INSERT INTO Risposte VALUES('IQ100', 'DI004', 'RI004', DEFAULT, 'Risposta 4');

INSERT INTO Risposte VALUES('IQ100', 'DI005', 'RI001', 2, 'Risposta 1');
INSERT INTO Risposte VALUES('IQ100', 'DI005', 'RI002', DEFAULT, 'Risposta 2');
INSERT INTO Risposte VALUES('IQ100', 'DI005', 'RI003', DEFAULT, 'Risposta 3');
INSERT INTO Risposte VALUES('IQ100', 'DI005', 'RI004', DEFAULT, 'Risposta 4');

INSERT INTO Risposte VALUES('IQ100', 'DI006', 'RI001', 2, 'Risposta 1');
INSERT INTO Risposte VALUES('IQ100', 'DI006', 'RI002', DEFAULT, 'Risposta 2');
INSERT INTO Risposte VALUES('IQ100', 'DI006', 'RI003', DEFAULT, 'Risposta 3');
INSERT INTO Risposte VALUES('IQ100', 'DI006', 'RI004', DEFAULT, 'Risposta 4');

INSERT INTO Risposte VALUES('IQ100', 'DI007', 'RI001', 2, 'Risposta 1');
INSERT INTO Risposte VALUES('IQ100', 'DI007', 'RI002', DEFAULT, 'Risposta 2');
INSERT INTO Risposte VALUES('IQ100', 'DI007', 'RI003', DEFAULT, 'Risposta 3');
INSERT INTO Risposte VALUES('IQ100', 'DI007', 'RI004', DEFAULT, 'Risposta 4');

INSERT INTO Risposte VALUES('IQ100', 'DI008', 'RI001', 2, 'Risposta 1');
INSERT INTO Risposte VALUES('IQ100', 'DI008', 'RI002', DEFAULT, 'Risposta 2');
INSERT INTO Risposte VALUES('IQ100', 'DI008', 'RI003', DEFAULT, 'Risposta 3');
INSERT INTO Risposte VALUES('IQ100', 'DI008', 'RI004', DEFAULT, 'Risposta 4');

INSERT INTO Risposte VALUES('IQ100', 'DI009', 'RI001', 2, 'Risposta 1');
INSERT INTO Risposte VALUES('IQ100', 'DI009', 'RI002', DEFAULT, 'Risposta 2');
INSERT INTO Risposte VALUES('IQ100', 'DI009', 'RI003', DEFAULT, 'Risposta 3');
INSERT INTO Risposte VALUES('IQ100', 'DI009', 'RI004', DEFAULT, 'Risposta 4');

INSERT INTO Risposte VALUES('IQ100', 'DI010', 'RI001', 2, 'Risposta 1');
INSERT INTO Risposte VALUES('IQ100', 'DI010', 'RI002', DEFAULT, 'Risposta 2');
INSERT INTO Risposte VALUES('IQ100', 'DI010', 'RI003', DEFAULT, 'Risposta 3');
INSERT INTO Risposte VALUES('IQ100', 'DI010', 'RI004', DEFAULT, 'Risposta 4');



INSERT INTO Scelta VALUES('marco.lucchese@unige.it', 'RI001', '23/03/2019 12:03:04', 'DI001', 'IQ100', 	DEFAULT);
INSERT INTO Scelta VALUES('marco.lucchese@unige.it', 'RI001', '23/03/2019 12:05:40', 'DI002', 'IQ100', 	DEFAULT);
INSERT INTO Scelta VALUES('marco.lucchese@unige.it', 'RI002', '23/03/2019 12:07:06', 'DI003', 'IQ100', 	DEFAULT);
INSERT INTO Scelta VALUES('marco.lucchese@unige.it', 'RI001', '23/03/2019 12:09:08', 'DI004', 'IQ100', 	DEFAULT);
INSERT INTO Scelta VALUES('marco.lucchese@unige.it', 'RI001', '23/03/2019 12:11:10', 'DI005', 'IQ100', 	DEFAULT);
INSERT INTO Scelta VALUES('marco.lucchese@unige.it', 'RI001', '23/03/2019 12:13:16', 'DI006', 'IQ100', 	DEFAULT);
INSERT INTO Scelta VALUES('marco.lucchese@unige.it', 'RI001', '23/03/2019 12:15:19', 'DI007', 'IQ100', 	DEFAULT);
INSERT INTO Scelta VALUES('marco.lucchese@unige.it', 'RI001', '23/03/2019 12:17:20', 'DI008', 'IQ100', 	DEFAULT);
INSERT INTO Scelta VALUES('marco.lucchese@unige.it', 'RI001', '23/03/2019 12:19:23', 'DI009', 'IQ100', 	DEFAULT);
INSERT INTO Scelta VALUES('marco.lucchese@unige.it', 'RI001', '23/03/2019 12:21:07', 'DI010', 'IQ100', 	DEFAULT);